{
	"format_version": "1.21.20",
	"minecraft:geometry": [
		{
			"description": {
				"identifier": "geometry.creeper_statue",
				"texture_width": 128,
				"texture_height": 128,
				"visible_bounds_width": 2,
				"visible_bounds_height": 3.5,
				"visible_bounds_offset": [0, 1.25, 0]
			},
			"bones": [
				{
					"name": "bone",
					"pivot": [0, 0, 0],
					"cubes": [
						{
							"origin": [-3.2, 12, -1.6],
							"size": [6.4, 9.6, 3.2],
							"uv": {
								"north": {"uv": [68.032, 20.032], "uv_size": [7.936, 11.936]},
								"east": {"uv": [64.032, 20.032], "uv_size": [3.936, 11.936]},
								"south": {"uv": [80.032, 20.032], "uv_size": [7.936, 11.936]},
								"west": {"uv": [76.032, 20.032], "uv_size": [3.936, 11.936]},
								"up": {"uv": [68.032, 16.032], "uv_size": [7.936, 3.936]},
								"down": {"uv": [76.032, 19.968], "uv_size": [7.936, -3.936]}
							}
						},
						{
							"origin": [3.26672, 18.35842, -3.14742],
							"size": [0, 3.2, 6.4],
							"pivot": [3.26672, 20.35842, 0.05258],
							"rotation": [2.5916, 0.2112, -3.1959],
							"uv": {
								"north": {"uv": [46.032, 75.032], "uv_size": [0, 3.936]},
								"east": {"uv": [38.032, 75.032], "uv_size": [7.936, 3.936]},
								"south": {"uv": [54.032, 75.032], "uv_size": [0, 3.936]},
								"west": {"uv": [46.032, 75.032], "uv_size": [7.936, 3.936]},
								"up": {"uv": [46.032, 67.032], "uv_size": [0, 7.936]},
								"down": {"uv": [46.032, 74.968], "uv_size": [0, -7.936]}
							}
						},
						{
							"origin": [-3.40051, 21.61622, -2.54677],
							"size": [6.4, 6.4, 6.4],
							"pivot": [-0.20051, 7.21622, 0.65323],
							"rotation": [2.6, 0.03, 0.8],
							"uv": {
								"north": {"uv": [72.032, 8.032], "uv_size": [7.936, 7.936]},
								"east": {"uv": [64.032, 8.032], "uv_size": [7.936, 7.936]},
								"south": {"uv": [88.032, 8.032], "uv_size": [7.936, 7.936]},
								"west": {"uv": [80.032, 8.032], "uv_size": [7.936, 7.936]},
								"up": {"uv": [72.032, 0.032], "uv_size": [7.936, 7.936]},
								"down": {"uv": [80.032, 7.968], "uv_size": [7.936, -7.936]}
							}
						},
						{
							"origin": [-3.43392, 19.21892, 3.9621],
							"size": [6.4, 2.4, 0],
							"pivot": [-0.23392, 4.81892, 0.7621],
							"rotation": [2.6, 0.03, 0.8],
							"uv": {
								"north": {"uv": [64.032, 32.032], "uv_size": [7.936, 2.936]},
								"east": {"uv": [64.032, 32.032], "uv_size": [0, 2.936]},
								"south": {"uv": [72.032, 32.032], "uv_size": [7.936, 2.936]},
								"west": {"uv": [72.032, 32.032], "uv_size": [0, 2.936]},
								"up": {"uv": [64.032, 32.032], "uv_size": [7.936, 0]},
								"down": {"uv": [72.032, 32.032], "uv_size": [7.936, 0]}
							}
						},
						{
							"origin": [-2.98863, 7.2, 1.92645],
							"size": [3.2, 4.8, 3.2],
							"pivot": [0.21137, 7.2, 0.32645],
							"rotation": [0, -10, 0],
							"uv": {
								"north": {"uv": [58.032, 71.032], "uv_size": [3.936, 5.936]},
								"east": {"uv": [54.032, 71.032], "uv_size": [3.936, 5.936]},
								"south": {"uv": [66.032, 71.032], "uv_size": [3.936, 5.936]},
								"west": {"uv": [62.032, 71.032], "uv_size": [3.936, 5.936]},
								"up": {"uv": [58.032, 67.032], "uv_size": [3.936, 3.936]},
								"down": {"uv": [62.032, 70.968], "uv_size": [3.936, -3.936]}
							}
						},
						{
							"origin": [-0.40665, 7.2, 2.06728],
							"size": [3.2, 4.8, 3.2],
							"pivot": [-0.40665, 7.2, 0.46728],
							"rotation": [0, 17, 0],
							"uv": {
								"north": {"uv": [74.032, 71.032], "uv_size": [3.936, 5.936]},
								"east": {"uv": [70.032, 71.032], "uv_size": [3.936, 5.936]},
								"south": {"uv": [82.032, 71.032], "uv_size": [3.936, 5.936]},
								"west": {"uv": [78.032, 71.032], "uv_size": [3.936, 5.936]},
								"up": {"uv": [74.032, 67.032], "uv_size": [3.936, 3.936]},
								"down": {"uv": [78.032, 70.968], "uv_size": [3.936, -3.936]}
							}
						},
						{
							"origin": [-3.31521, 8.02472, -4.40236],
							"size": [3.2, 4.8, 3.2],
							"pivot": [-0.11521, 8.02472, 0.39764],
							"rotation": [9, 10, 0],
							"uv": {
								"north": {"uv": [4.032, 76.032], "uv_size": [3.936, 5.936]},
								"east": {"uv": [0.032, 76.032], "uv_size": [3.936, 5.936]},
								"south": {"uv": [12.032, 76.032], "uv_size": [3.936, 5.936]},
								"west": {"uv": [8.032, 76.032], "uv_size": [3.936, 5.936]},
								"up": {"uv": [4.032, 72.032], "uv_size": [3.936, 3.936]},
								"down": {"uv": [8.032, 75.968], "uv_size": [3.936, -3.936]}
							}
						},
						{
							"origin": [0.44663, 7.2454, -4.79937],
							"size": [3.2, 4.8, 3.2],
							"pivot": [2.04663, 12.0454, -3.19937],
							"rotation": [2, -5, 0],
							"uv": {
								"north": {"uv": [20.032, 76.032], "uv_size": [3.936, 5.936]},
								"east": {"uv": [16.032, 76.032], "uv_size": [3.936, 5.936]},
								"south": {"uv": [28.032, 76.032], "uv_size": [3.936, 5.936]},
								"west": {"uv": [24.032, 76.032], "uv_size": [3.936, 5.936]},
								"up": {"uv": [20.032, 72.032], "uv_size": [3.936, 3.936]},
								"down": {"uv": [24.032, 75.968], "uv_size": [3.936, -3.936]}
							}
						},
						{
							"origin": [-4, 1.6, -4.8],
							"size": [8, 4, 9.6],
							"uv": {
								"north": {"uv": [12.032, 48.032], "uv_size": [9.936, 4.936]},
								"east": {"uv": [0.032, 48.032], "uv_size": [11.936, 4.936]},
								"south": {"uv": [34.032, 48.032], "uv_size": [9.936, 4.936]},
								"west": {"uv": [22.032, 48.032], "uv_size": [11.936, 4.936]},
								"up": {"uv": [12.032, 36.032], "uv_size": [9.936, 11.936]},
								"down": {"uv": [22.032, 47.968], "uv_size": [9.936, -11.936]}
							}
						},
						{
							"origin": [-6.4, 5.6, -6.4],
							"size": [12.8, 1.6, 12.8],
							"uv": {
								"north": {"uv": [16.032, 16.032], "uv_size": [15.936, 1.936]},
								"east": {"uv": [0.032, 16.032], "uv_size": [15.936, 1.936]},
								"south": {"uv": [48.032, 16.032], "uv_size": [15.936, 1.936]},
								"west": {"uv": [32.032, 16.032], "uv_size": [15.936, 1.936]},
								"up": {"uv": [16.032, 0.032], "uv_size": [15.936, 15.936]},
								"down": {"uv": [32.032, 15.968], "uv_size": [15.936, -15.936]}
							}
						},
						{
							"origin": [-7.2, 1.6, -5.6],
							"size": [4, 4, 11.2],
							"uv": {
								"north": {"uv": [58.032, 50.032], "uv_size": [4.936, 4.936]},
								"east": {"uv": [44.032, 50.032], "uv_size": [13.936, 4.936]},
								"south": {"uv": [77.032, 50.032], "uv_size": [4.936, 4.936]},
								"west": {"uv": [63.032, 50.032], "uv_size": [13.936, 4.936]},
								"up": {"uv": [58.032, 36.032], "uv_size": [4.936, 13.936]},
								"down": {"uv": [63.032, 49.968], "uv_size": [4.936, -13.936]}
							}
						},
						{
							"origin": [3.2, 1.6, -5.6],
							"size": [4, 4, 11.2],
							"uv": {
								"north": {"uv": [14.032, 67.032], "uv_size": [4.936, 4.936]},
								"east": {"uv": [0.032, 67.032], "uv_size": [13.936, 4.936]},
								"south": {"uv": [33.032, 67.032], "uv_size": [4.936, 4.936]},
								"west": {"uv": [19.032, 67.032], "uv_size": [13.936, 4.936]},
								"up": {"uv": [14.032, 53.032], "uv_size": [4.936, 13.936]},
								"down": {"uv": [19.032, 66.968], "uv_size": [4.936, -13.936]}
							}
						},
						{
							"origin": [-4, 0, -4],
							"size": [8, 1.6, 8],
							"uv": {
								"north": {"uv": [48.032, 65.032], "uv_size": [9.936, 1.936]},
								"east": {"uv": [38.032, 65.032], "uv_size": [9.936, 1.936]},
								"south": {"uv": [68.032, 65.032], "uv_size": [9.936, 1.936]},
								"west": {"uv": [58.032, 65.032], "uv_size": [9.936, 1.936]},
								"up": {"uv": [48.032, 55.032], "uv_size": [9.936, 9.936]},
								"down": {"uv": [58.032, 64.968], "uv_size": [9.936, -9.936]}
							}
						},
						{
							"origin": [-6.34, 5.66, -6.34],
							"size": [12.68, 1.48, 12.68],
							"inflate": 0.3,
							"uv": {
								"north": {"uv": [16.032, 34.032], "uv_size": [15.936, 1.936]},
								"east": {"uv": [0.032, 34.032],