{
	"format_version": "1.21.20",
	"minecraft:geometry": [
		{
			"description": {
				"identifier": "geometry.ghast_statue",
				"texture_width": 128,
				"texture_height": 128,
				"visible_bounds_width": 2,
				"visible_bounds_height": 3.5,
				"visible_bounds_offset": [0, 1.25, 0]
			},
			"bones": [
				{
					"name": "bone",
					"pivot": [0, 0, 0],
					"cubes": [
						{
							"origin": [1.88282, 10.32935, -0.8],
							"size": [1.6, 5.6, 1.6],
							"pivot": [12.28282, 4.72935, 0],
							"rotation": [0, 0, -3.5],
							"uv": {
								"north": {"uv": [66.032, 60.032], "uv_size": [1.936, 6.936]},
								"east": {"uv": [64.032, 60.032], "uv_size": [1.936, 6.936]},
								"south": {"uv": [70.032, 60.032], "uv_size": [1.936, 6.936]},
								"west": {"uv": [68.032, 60.032], "uv_size": [1.936, 6.936]},
								"up": {"uv": [66.032, 58.032], "uv_size": [1.936, 1.936]},
								"down": {"uv": [68.032, 59.968], "uv_size": [1.936, -1.936]}
							}
						},
						{
							"origin": [-4, 1.6, -4.8],
							"size": [8, 4, 9.6],
							"uv": {
								"north": {"uv": [68.032, 12.032], "uv_size": [9.936, 4.936]},
								"east": {"uv": [56.032, 12.032], "uv_size": [11.936, 4.936]},
								"south": {"uv": [90.032, 12.032], "uv_size": [9.936, 4.936]},
								"west": {"uv": [78.032, 12.032], "uv_size": [11.936, 4.936]},
								"up": {"uv": [68.032, 0.032], "uv_size": [9.936, 11.936]},
								"down": {"uv": [78.032, 11.968], "uv_size": [9.936, -11.936]}
							}
						},
						{
							"origin": [-6.4, 5.6, -6.4],
							"size": [12.8, 1.6, 12.8],
							"uv": {
								"north": {"uv": [16.032, 44.032], "uv_size": [15.936, 1.936]},
								"east": {"uv": [0.032, 44.032], "uv_size": [15.936, 1.936]},
								"south": {"uv": [48.032, 44.032], "uv_size": [15.936, 1.936]},
								"west": {"uv": [32.032, 44.032], "uv_size": [15.936, 1.936]},
								"up": {"uv": [16.032, 28.032], "uv_size": [15.936, 15.936]},
								"down": {"uv": [32.032, 43.968], "uv_size": [15.936, -15.936]}
							}
						},
						{
							"origin": [-7.2, 1.6, -5.6],
							"size": [4, 4, 11.2],
							"uv": {
								"north": {"uv": [14.032, 78.032], "uv_size": [4.936, 4.936]},
								"east": {"uv": [0.032, 78.032], "uv_size": [13.936, 4.936]},
								"south": {"uv": [33.032, 78.032], "uv_size": [4.936, 4.936]},
								"west": {"uv": [19.032, 78.032], "uv_size": [13.936, 4.936]},
								"up": {"uv": [14.032, 64.032], "uv_size": [4.936, 13.936]},
								"down": {"uv": [19.032, 77.968], "uv_size": [4.936, -13.936]}
							}
						},
						{
							"origin": [3.2, 1.6, -5.6],
							"size": [4, 4, 11.2],
							"uv": {
								"north": {"uv": [78.032, 31.032], "uv_size": [4.936, 4.936]},
								"east": {"uv": [64.032, 31.032], "uv_size": [13.936, 4.936]},
								"south": {"uv": [97.032, 31.032], "uv_size": [4.936, 4.936]},
								"west": {"uv": [83.032, 31.032], "uv_size": [13.936, 4.936]},
								"up": {"uv": [78.032, 17.032], "uv_size": [4.936, 13.936]},
								"down": {"uv": [83.032, 30.968], "uv_size": [4.936, -13.936]}
							}
						},
						{
							"origin": [-4, 0, -4],
							"size": [8, 1.6, 8],
							"uv": {
								"north": {"uv": [74.032, 46.032], "uv_size": [9.936, 1.936]},
								"east": {"uv": [64.032, 46.032], "uv_size": [9.936, 1.936]},
								"south": {"uv": [94.032, 46.032], "uv_size": [9.936, 1.936]},
								"west": {"uv": [84.032, 46.032], "uv_size": [9.936, 1.936]},
								"up": {"uv": [74.032, 36.032], "uv_size": [9.936, 9.936]},
								"down": {"uv": [84.032, 45.968], "uv_size": [9.936, -9.936]}
							}
						},
						{
							"origin": [-6.34, 5.66, -6.34],
							"size": [12.68, 1.48, 12.68],
							"inflate": 0.3,
							"uv": {
								"north": {"uv": [16.032, 62.032], "uv_size": [15.936, 1.936]},
								"east": {"uv": [0.032, 62.032], "uv_size": [15.936, 1.936]},
								"south": {"uv": [48.032, 62.032], "uv_size": [15.936, 1.936]},
								"west": {"uv": [32.032, 62.032], "uv_size": [15.936, 1.936]},
								"up": {"uv": [16.032, 46.032], "uv_size": [15.936, 15.936]},
								"down": {"uv": [32.032, 61.968], "uv_size": [15.936, -15.936]}
							}
						},
						{
							"origin": [-5.6, 15.2, -5.6],
							"size": [11.2, 11.2, 11.2],
							"uv": {
								"north": {"uv": [14.032, 14.032], "uv_size": [13.936, 13.936]},
								"east": {"uv": [0.032, 14.032], "uv_size": [13.936, 13.936]},
								"south": {"uv": [42.032, 14.032], "uv_size": [13.936, 13.936]},
								"west": {"uv": [28.032, 14.032], "uv_size": [13.936, 13.936]},
								"up": {"uv": [14.032, 0.032], "uv_size": [13.936, 13.936]},
								"down": {"uv": [28.032, 13.968], "uv_size": [13.936, -13.936]}
							}
						},
						{
							"origin": [-4.63596, 9.08315, -5.87417],
							"size": [1.6, 5.6, 1.6],
							"pivot": [5.76404, 3.48315, -5.07417],
							"rotation": [-7, 0.5, 5],
							"uv": {
								"north": {"uv": [56.032, 66.032], "uv_size": [1.936, 6.936]},
								"east": {"uv": [54.032, 66.032], "uv_size": [1.936, 6.936]},
								"south": {"uv": [60.032, 66.032], "uv_size": [1.936, 6.936]},
								"west": {"uv": [58.032, 66.032], "uv_size": [1.936, 6.936]},
								"up": {"uv": [56.032, 64.032], "uv_size": [1.936, 1.936]},
								"down": {"uv": [58.032, 65.968], "uv_size": [1.936, -1.936]}
							}
						},
						{
							"origin": [-6.82927, 9.39523, -0.8],
							"size": [1.6, 4.8, 1.6],
							"pivot": [3.57073, 2.99523, 0],
							"rotation": [0, 0, 7.5],
							"uv": {
								"north": {"uv": [72.032, 69.032], "uv_size": [1.936, 5.936]},
								"east": {"uv": [70.032, 69.032], "uv_size": [1.936, 5.936]},
								"south": {"uv": [76.032, 69.032], "uv_size": [1.936, 5.936]},
								"west": {"uv": [74.032, 69.032], "uv_size": [1.936, 5.936]},
								"up": {"uv": [72.032, 67.032], "uv_size": [1.936, 1.936]},
								"down": {"uv": [74.032, 68.968], "uv_size": [1.936, -1.936]}
							}
						},
						{
							"origin": [-2, 8.1531, 0.20147],
							"size": [1.6, 7.2, 1.6],
							"pivot": [8.4, 4.1531, 1.00147],
							"rotation": [5, 0, 0],
							"uv": {
								"north": {"uv": [58.032, 19.032], "uv_size": [1.936, 8.936]},
								"east": {"uv": [56.032, 19.032], "uv_size": [1.936, 8.936]},
								"south": {"uv": [62.032, 19.032], "uv_size": [1.936, 8.936]},
								"west": {"uv": [60.032, 19.032], "uv_size": [1.936, 8.936]},
								"up": {"uv": [58.032, 17.032], "uv_size": [1.936, 1.936]},
								"down": {"uv": [60.032, 18.968], "uv_size": [1.936, -1.936]}
							}
						},
						{
							"origin": [-0.4, 9.10541, -6.46207],
							"size": [1.6, 6.4, 1.6],
							"pivot": [10, 4.30541, -5.66207],
							"rotation": [-10, 0, 0],
							"uv": {
								"north": {"uv": [48.032, 66.032], "uv_size": [1.936, 7.936]},
								"east": {"uv": [46.032, 66.032], "uv_size": [1.936, 7.936]},
								"south": {"uv": [52.032, 66.032], "uv_size": [1.936, 7.936]},
								"west": {"uv": [50.032, 66.032], "uv_size": [1.936, 7.936]},
								"up": {"uv": [48.032, 64.032], "uv_size": [1.936, 1.936]},
								"down": {"uv": [50.032, 65.968], "uv_size": [1.936, -1.936]}
							}
						},
						{
							"origin": [4.60047, 11.99116, -6.28987],
							"size": [1.6, 4.8, 1.6],
							"pivot": [15.00047, 5.59116, -5.48987],
							"rotation": [-10, -1, -7],
							"uv": {
								"north": {"uv": [74.032, 50.032], "uv_size": [1.936, 5.936]},
								"east": {"uv": [72.032, 50.032], "uv_size": [1.936, 5.936]},
								"south": {"uv": [78.032, 50.032], "uv_size": [1.936, 5.936]},
								"west": {"uv": [76.032, 50.032], "uv_size": [1.936, 5.936]},
								"up": {"uv": [74.032, 48.032], "uv_size": [1.936, 1.936]},
								"down": {"uv": [76.032, 49.968], "uv_size": [1.936, -1.936]}
							}
						},
						{
							"origin": [3.99451, 8.56537, 4.25274],
							"size": [1.6, 7.2, 1.6],
							"pivot": [14.39451, 4.56537, 5.05274],
							"rotation": [7.4955, 0.261, -1.9829],
							"uv": {
								"north": {"uv": [40.032, 66.032], "uv_size": [1.936, 8.936]},