{
	"format_version": "1.21.20",
	"minecraft:geometry": [
		{
			"description": {
				"identifier": "geometry.pumpkin_statue",
				"texture_width": 128,
				"texture_height": 128,
				"visible_bounds_width": 2,
				"visible_bounds_height": 3.5,
				"visible_bounds_offset": [0, 1.25, 0]
			},
			"bones": [
				{
					"name": "bone",
					"pivot": [0, 0, 0],
					"cubes": [
						{
							"origin": [1.94829, 21.16707, -0.8],
							"size": [3.2, 4.8, 1.6],
							"pivot": [2.74829, 23.56707, 0],
							"rotation": [0, 0, 88.75],
							"uv": {
								"north": {"uv": [66.032, 69.032], "uv_size": [3.936, 5.936]},
								"east": {"uv": [64.032, 69.032], "uv_size": [1.936, 5.936]},
								"south": {"uv": [72.032, 69.032], "uv_size": [3.936, 5.936]},
								"west": {"uv": [70.032, 69.032], "uv_size": [1.936, 5.936]},
								"up": {"uv": [66.032, 67.032], "uv_size": [3.936, 1.936]},
								"down": {"uv": [70.032, 68.968], "uv_size": [3.936, -1.936]}
							}
						},
						{
							"origin": [-4, 1.6, -4.8],
							"size": [8, 4, 9.6],
							"uv": {
								"north": {"uv": [76.032, 12.032], "uv_size": [9.936, 4.936]},
								"east": {"uv": [64.032, 12.032], "uv_size": [11.936, 4.936]},
								"south": {"uv": [98.032, 12.032], "uv_size": [9.936, 4.936]},
								"west": {"uv": [86.032, 12.032], "uv_size": [11.936, 4.936]},
								"up": {"uv": [76.032, 0.032], "uv_size": [9.936, 11.936]},
								"down": {"uv": [86.032, 11.968], "uv_size": [9.936, -11.936]}
							}
						},
						{
							"origin": [-6.4, 5.6, -6.4],
							"size": [12.8, 1.6, 12.8],
							"uv": {
								"north": {"uv": [16.032, 48.032], "uv_size": [15.936, 1.936]},
								"east": {"uv": [0.032, 48.032], "uv_size": [15.936, 1.936]},
								"south": {"uv": [48.032, 48.032], "uv_size": [15.936, 1.936]},
								"west": {"uv": [32.032, 48.032], "uv_size": [15.936, 1.936]},
								"up": {"uv": [16.032, 32.032], "uv_size": [15.936, 15.936]},
								"down": {"uv": [32.032, 47.968], "uv_size": [15.936, -15.936]}
							}
						},
						{
							"origin": [-7.2, 1.6, -5.6],
							"size": [4, 4, 11.2],
							"uv": {
								"north": {"uv": [78.032, 31.032], "uv_size": [4.936, 4.936]},
								"east": {"uv": [64.032, 31.032], "uv_size": [13.936, 4.936]},
								"south": {"uv": [97.032, 31.032], "uv_size": [4.936, 4.936]},
								"west": {"uv": [83.032, 31.032], "uv_size": [13.936, 4.936]},
								"up": {"uv": [78.032, 17.032], "uv_size": [4.936, 13.936]},
								"down": {"uv": [83.032, 30.968], "uv_size": [4.936, -13.936]}
							}
						},
						{
							"origin": [3.2, 1.6, -5.6],
							"size": [4, 4, 11.2],
							"uv": {
								"north": {"uv": [78.032, 50.032], "uv_size": [4.936, 4.936]},
								"east": {"uv": [64.032, 50.032], "uv_size": [13.936, 4.936]},
								"south": {"uv": [97.032, 50.032], "uv_size": [4.936, 4.936]},
								"west": {"uv": [83.032, 50.032], "uv_size": [13.936, 4.936]},
								"up": {"uv": [78.032, 36.032], "uv_size": [4.936, 13.936]},
								"down": {"uv": [83.032, 49.968], "uv_size": [4.936, -13.936]}
							}
						},
						{
							"origin": [-4, 0, -4],
							"size": [8, 1.6, 8],
							"uv": {
								"north": {"uv": [74.032, 65.032], "uv_size": [9.936, 1.936]},
								"east": {"uv": [64.032, 65.032], "uv_size": [9.936, 1.936]},
								"south": {"uv": [94.032, 65.032], "uv_size": [9.936, 1.936]},
								"west": {"uv": [84.032, 65.032], "uv_size": [9.936, 1.936]},
								"up": {"uv": [74.032, 55.032], "uv_size": [9.936, 9.936]},
								"down": {"uv": [84.032, 64.968], "uv_size": [9.936, -9.936]}
							}
						},
						{
							"origin": [-6.34, 5.66, -6.34],
							"size": [12.68, 1.48, 12.68],
							"inflate": 0.3,
							"uv": {
								"north": {"uv": [16.032, 66.032], "uv_size": [15.936, 1.936]},
								"east": {"uv": [0.032, 66.032], "uv_size": [15.936, 1.936]},
								"south": {"uv": [48.032, 66.032], "uv_size": [15.936, 1.936]},
								"west": {"uv": [32.032, 66.032], "uv_size": [15.936, 1.936]},
								"up": {"uv": [16.032, 50.032], "uv_size": [15.936, 15.936]},
								"down": {"uv": [32.032, 65.968], "uv_size": [15.936, -15.936]}
							}
						},
						{
							"origin": [-6.5, 6.7, -6.5],
							"size": [13, 13, 13],
							"inflate": -0.5,
							"uv": {
								"north": {"uv": [16.032, 16.032], "uv_size": [15.936, 15.936]},
								"east": {"uv": [0.032, 16.032], "uv_size": [15.936, 15.936]},
								"south": {"uv": [48.032, 16.032], "uv_size": [15.936, 15.936]},
								"west": {"uv": [32.032, 16.032], "uv_size": [15.936, 15.936]},
								"up": {"uv": [16.032, 0.032], "uv_size": [15.936, 15.936]},
								"down": {"uv": [32.032, 15.968], "uv_size": [15.936, -15.936]}
							}
						},
						{
							"origin": [-2.19966, 18.80486, -0.8],
							"size": [1.6, 4, 1.6],
							"pivot": [-0.94461, 22.45975, 0],
							"rotation": [0, 0, -22],
							"uv": {
								"north": {"uv": [10.032, 70.032], "uv_size": [1.936, 4.936]},
								"east": {"uv": [8.032, 70.032], "uv_size": [1.936, 4.936]},
								"south": {"uv": [14.032, 70.032], "uv_size": [1.936, 4.936]},
								"west": {"uv": [12.032, 70.032], "uv_size": [1.936, 4.936]},
								"up": {"uv": [10.032, 68.032], "uv_size": [1.936, 1.936]},
								"down": {"uv": [12.032, 69.968], "uv_size": [1.936, -1.936]}
							}
						},
						{
							"origin": [-1.43548, 21.7495, -0.88],
							"size": [1.6, 4, 1.76],
							"pivot": [-0.63548, 23.7495, 0],
							"rotation": [0, 0, 26.25],
							"uv": {
								"north": {"uv": [18.032, 70.032], "uv_size": [1.936, 4.936]},
								"east": {"uv": [16.032, 70.032], "uv_size": [1.936, 4.936]},
								"south": {"uv": [22.032, 70.032], "uv_size": [1.936, 4.936]},
								"west": {"uv": [20.032, 70.032], "uv_size": [1.936, 4.936]},
								"up": {"uv": [18.032, 68.032], "uv_size": [1.936, 1.936]},
								"down": {"uv": [20.032, 69.968], "uv_size": [1.936, -1.936]}
							}
						},
						{
							"origin": [1.94829, 21.96707, -0.8],
							"size": [1.6, 5.6, 1.6],
							"pivot": [2.74829, 25.16707, 0],
							"rotation": [0, 0, 88.75],
							"uv": {
								"north": {"uv": [2.032, 70.032], "uv_size": [1.936, 6.936]},
								"east": {"uv": [0.032, 70.032], "uv_size": [1.936, 6.936]},
								"south": {"uv": [6.032, 70.032], "uv_size": [1.936, 6.936]},
								"west": {"uv": [4.032, 70.032], "uv_size": [1.936, 6.936]},
								"up": {"uv": [2.032, 68.032], "uv_size": [1.936, 1.936]},
								"down": {"uv": [4.032, 69.968], "uv_size": [1.936, -1.936]}
							}
						}
					]
				}
			],
			"item_display_transforms": {
				"thirdperson_righthand": {
					"rotation": [75, 45, 0],
					"translation": [0, 2.5, 0],
					"scale": [0.375, 0.375, 0.375],
					"rotation_pivot": [0, 0, 0],
					"scale_pivot": [0, 0, 0]
				},
				"thirdperson_lefthand": {
					"rotation": [75, 45, 0],
					"translation": [0, 2.5, 0],
					"scale": [0.375, 0.375, 0.375],
					"rotation_pivot": [0, 0, 0],
					"scale_pivot": [0, 0, 0]
				},
				"firstperson_righthand": {
					"rotation": [0, -45, 0],
					"translation": [0, 0, 0],
					"scale": [0.4, 0.4, 0.4],
					"rotation_pivot": [0, 0, 0],
					"scale_pivot": [0, 0, 0]
				},
				"firstperson_lefthand": {
					"rotation": [0, -45, 0],
					"translation": [0, 0, 0],
					"scale": [0.4, 0.4, 0.4],
					"rotation_pivot": [0, 0, 0],
					"scale_pivot": [0, 0, 0]
				},
				"ground": {
					"rotation": [0, 0, 0],
					"translation": [0, 3, 0],
					"scale": [0.3, 0.3, 0.3],
					"rotation_pivot": [0, 0, 0],
					"scale_pivot": [0, 0, 0]
				},
				"gui": {
					"rotation": [30, 130, 0],
					"translation": [0.5, -2.25, 0],
					"scale": [0.425, 0.425, 0.425],
					"rotation_pivot": [0, 0, 0],
					"scale_pivot": [0, 0, 0],
					"fit_to_frame": false
				},
				"fixed": {
					"rotation": [0, 0, 0],
					"translation": [0, -2, -2.25],
					"scale": [0.5, 0.5, 0.5],
					"rotation_pivot": [0, 0, 0],
					"scale_pivot": [0, 0, 0]
				}
			}
		}
	]
}