{
	"format_version": "1.21.20",
	"minecraft:geometry": [
		{
			"description": {
				"identifier": "geometry.villager_statue",
				"texture_width": 128,
				"texture_height": 128,
				"visible_bounds_width": 2,
				"visible_bounds_height": 3.5,
				"visible_bounds_offset": [0, 1.25, 0]
			},
			"bones": [
				{
					"name": "bone",
					"pivot": [0, 0, 0],
					"cubes": [
						{
							"origin": [0, 7.2, -0.25938],
							"size": [2.4, 6.4, 2.4],
							"pivot": [1.2, 12.8, 0.94062],
							"rotation": [27, 0.4, -0.1],
							"uv": {
								"north": {"uv": [39.968, 99.032], "uv_size": [-2.936, 7.936]},
								"east": {"uv": [42.968, 99.032], "uv_size": [-2.936, 7.936]},
								"south": {"uv": [45.968, 99.032], "uv_size": [-2.936, 7.936]},
								"west": {"uv": [36.968, 99.032], "uv_size": [-2.936, 7.936]},
								"up": {"uv": [39.968, 96.032], "uv_size": [-2.936, 2.936]},
								"down": {"uv": [42.968, 98.968], "uv_size": [-2.936, -2.936]}
							}
						},
						{
							"origin": [-2.59375, 7.2, -1.925],
							"size": [2.4, 6.4, 2.4],
							"pivot": [-1.39375, 12.8, -0.725],
							"rotation": [-18, 0, -0.9],
							"uv": {
								"north": {"uv": [23.032, 75.032], "uv_size": [2.936, 7.936]},
								"east": {"uv": [20.032, 75.032], "uv_size": [2.936, 7.936]},
								"south": {"uv": [29.032, 75.032], "uv_size": [2.936, 7.936]},
								"west": {"uv": [26.032, 75.032], "uv_size": [2.936, 7.936]},
								"up": {"uv": [23.032, 72.032], "uv_size": [2.936, 2.936]},
								"down": {"uv": [26.032, 74.968], "uv_size": [2.936, -2.936]}
							}
						},
						{
							"origin": [-4.87024, 15.6786, -1.20052],
							"size": [2.4, 4.8, 2.4],
							"pivot": [-2.47024, 18.9875, -0.48023],
							"rotation": [-59.5, 6.5, 0],
							"uv": {
								"north": {"uv": [119.032, 80.032], "uv_size": [2.936, 5.936]},
								"east": {"uv": [116.032, 80.032], "uv_size": [2.936, 5.936]},
								"south": {"uv": [125.032, 80.032], "uv_size": [2.936, 5.936]},
								"west": {"uv": [122.032, 80.032], "uv_size": [2.936, 5.936]},
								"up": {"uv": [119.032, 77.032], "uv_size": [2.936, 2.936]},
								"down": {"uv": [122.032, 79.968], "uv_size": [2.936, -2.936]}
							}
						},
						{
							"origin": [-2.63064, 19.90475, -2.82433],
							"size": [4.8, 6.4, 4.8],
							"pivot": [-0.23064, 21.90475, -2.02433],
							"rotation": [2.9825, 2.0061, -0.2354],
							"uv": {
								"north": {"uv": [70.032, 17.032], "uv_size": [5.936, 7.936]},
								"east": {"uv": [64.032, 17.032], "uv_size": [5.936, 7.936]},
								"south": {"uv": [82.032, 17.032], "uv_size": [5.936, 7.936]},
								"west": {"uv": [76.032, 17.032], "uv_size": [5.936, 7.936]},
								"up": {"uv": [70.032, 11.032], "uv_size": [5.936, 5.936]},
								"down": {"uv": [76.032, 16.968], "uv_size": [5.936, -5.936]}
							}
						},
						{
							"origin": [-4, 1.6, -4.8],
							"size": [8, 4, 9.6],
							"uv": {
								"north": {"uv": [12.032, 48.032], "uv_size": [9.936, 4.936]},
								"east": {"uv": [0.032, 48.032], "uv_size": [11.936, 4.936]},
								"south": {"uv": [34.032, 48.032], "uv_size": [9.936, 4.936]},
								"west": {"uv": [22.032, 48.032], "uv_size": [11.936, 4.936]},
								"up": {"uv": [12.032, 36.032], "uv_size": [9.936, 11.936]},
								"down": {"uv": [22.032, 47.968], "uv_size": [9.936, -11.936]}
							}
						},
						{
							"origin": [-6.4, 5.6, -6.4],
							"size": [12.8, 1.6, 12.8],
							"uv": {
								"north": {"uv": [16.032, 16.032], "uv_size": [15.936, 1.936]},
								"east": {"uv": [0.032, 16.032], "uv_size": [15.936, 1.936]},
								"south": {"uv": [48.032, 16.032], "uv_size": [15.936, 1.936]},
								"west": {"uv": [32.032, 16.032], "uv_size": [15.936, 1.936]},
								"up": {"uv": [16.032, 0.032], "uv_size": [15.936, 15.936]},
								"down": {"uv": [32.032, 15.968], "uv_size": [15.936, -15.936]}
							}
						},
						{
							"origin": [-7.2, 1.6, -5.6],
							"size": [4, 4, 11.2],
							"uv": {
								"north": {"uv": [58.032, 50.032], "uv_size": [4.936, 4.936]},
								"east": {"uv": [44.032, 50.032], "uv_size": [13.936, 4.936]},
								"south": {"uv": [77.032, 50.032], "uv_size": [4.936, 4.936]},
								"west": {"uv": [63.032, 50.032], "uv_size": [13.936, 4.936]},
								"up": {"uv": [58.032, 36.032], "uv_size": [4.936, 13.936]},
								"down": {"uv": [63.032, 49.968], "uv_size": [4.936, -13.936]}
							}
						},
						{
							"origin": [3.2, 1.6, -5.6],
							"size": [4, 4, 11.2],
							"uv": {
								"north": {"uv": [14.032, 67.032], "uv_size": [4.936, 4.936]},
								"east": {"uv": [0.032, 67.032], "uv_size": [13.936, 4.936]},
								"south": {"uv": [33.032, 67.032], "uv_size": [4.936, 4.936]},
								"west": {"uv": [19.032, 67.032], "uv_size": [13.936, 4.936]},
								"up": {"uv": [14.032, 53.032], "uv_size": [4.936, 13.936]},
								"down": {"uv": [19.032, 66.968], "uv_size": [4.936, -13.936]}
							}
						},
						{
							"origin": [-4, 0, -4],
							"size": [8, 1.6, 8],
							"uv": {
								"north": {"uv": [48.032, 65.032], "uv_size": [9.936, 1.936]},
								"east": {"uv": [38.032, 65.032], "uv_size": [9.936, 1.936]},
								"south": {"uv": [68.032, 65.032], "uv_size": [9.936, 1.936]},
								"west": {"uv": [58.032, 65.032], "uv_size": [9.936, 1.936]},
								"up": {"uv": [48.032, 55.032], "uv_size": [9.936, 9.936]},
								"down": {"uv": [58.032, 64.968], "uv_size": [9.936, -9.936]}
							}
						},
						{
							"origin": [-6.34, 5.66, -6.34],
							"size": [12.68, 1.48, 12.68],
							"inflate": 0.3,
							"uv": {
								"north": {"uv": [16.032, 34.032], "uv_size": [15.936, 1.936]},
								"east": {"uv": [0.032, 34.032], "uv_size": [15.936, 1.936]},
								"south": {"uv": [48.032, 34.032], "uv_size": [15.936, 1.936]},
								"west": {"uv": [32.032, 34.032], "uv_size": [15.936, 1.936]},
								"up": {"uv": [16.032, 18.032], "uv_size": [15.936, 15.936]},
								"down": {"uv": [32.032, 33.968], "uv_size": [15.936, -15.936]}
							}
						},
						{
							"origin": [-1.03064, 19.10475, -4.42433],
							"size": [1.6, 3.2, 1.6],
							"pivot": [-0.23064, 21.90475, -2.02433],
							"rotation": [2.9825, 2.0061, -0.2354],
							"uv": {
								"north": {"uv": [34.032, 82.032], "uv_size": [1.936, 3.936]},
								"east": {"uv": [32.032, 82.032], "uv_size": [1.936, 3.936]},
								"south": {"uv": [38.032, 82.032], "uv_size": [1.936, 3.936]},
								"west": {"uv": [36.032, 82.032], "uv_size": [1.936, 3.936]},
								"up": {"uv": [34.032, 80.032], "uv_size": [1.936, 1.936]},
								"down": {"uv": [36.032, 81.968], "uv_size": [1.936, -1.936]}
							}
						},
						{
							"origin": [1.26396, 14.66123, -4.33106],
							"size": [3.2, 0, 3.2],
							"pivot": [2.86396, 14.66123, -3.13106],
							"rotation": [-91.5, 6.5, 0],
							"uv": {
								"north": {"uv": [114.968, 9.032], "uv_size": [-3.936, 0]},
								"east": {"uv": [118.968, 9.032], "uv_size": [-3.936, 0]},
								"south": {"uv": [122.968, 9.032], "uv_size": [-3.936, 0]},
								"west": {"uv": [110.968, 9.032], "uv_size": [-3.936, 0]},
								"up": {"uv": [114.968, 5.032], "uv_size": [-3.936, 3.936]},
								"down": {"uv": [118.968, 8.968], "uv_size": [-3.936, -3.936]}
							}
						},
						{
							"origin": [-2.70433, 16.8605, -3.25514],
							"size": [4.8, 2.4, 2.4],
							"pivot": [-2.70433, 17.7694, -2.53484],
							"rotation": [-59.5, 6.5, 0],
							"uv": {
								"north": {"uv": [113.032, 125.032], "uv_size": [5.936, 2.936]},
								"east": {"uv": [110.032, 125.032], "uv_size": [2.936, 2.936]},
								"south": {"uv": [122.032, 125.032], "uv_size": [5.936, 2.936]},
								"west": {"uv": [119.032, 125.032], "uv_size": [2.936, 2.936]},
								"up": {"uv": [113.032, 122.032], "uv_size": [5.936, 2.936]},
								"down": {"uv": [119.032, 124.968], "uv_size": [5.936, -2.936]}
							}
						},
						{
							"origin": [-2.31896, 10.49561, -1.6664],
							"size": [4.6, 9.4, 3],
							"inflate": 0.5,