{
	"format_version": "1.21.20",
	"minecraft:geometry": [
		{
			"description": {
				"identifier": "geometry.wither_statue",
				"texture_width": 128,
				"texture_height": 128,
				"visible_bounds_width": 3,
				"visible_bounds_height": 3.5,
				"visible_bounds_offset": [0, 1.25, 0]
			},
			"bones": [
				{
					"name": "bb_main",
					"pivot": [0, 0, 0],
					"cubes": [
						{
							"origin": [4.90874, 19.37465, -2.13272],
							"size": [4.8, 4.8, 4.8],
							"pivot": [0.10874, 4.97465, 1.06728],
							"rotation": [5.019, 4.9809, 0.4369],
							"uv": {
								"north": {"uv": [44.032, 73.032], "uv_size": [5.936, 5.936]},
								"east": {"uv": [38.032, 73.032], "uv_size": [5.936, 5.936]},
								"south": {"uv": [56.032, 73.032], "uv_size": [5.936, 5.936]},
								"west": {"uv": [50.032, 73.032], "uv_size": [5.936, 5.936]},
								"up": {"uv": [44.032, 67.032], "uv_size": [5.936, 5.936]},
								"down": {"uv": [50.032, 72.968], "uv_size": [5.936, -5.936]}
							}
						},
						{
							"origin": [-4, 1.6, -4.8],
							"size": [8, 4, 9.6],
							"uv": {
								"north": {"uv": [12.032, 48.032], "uv_size": [9.936, 4.936]},
								"east": {"uv": [0.032, 48.032], "uv_size": [11.936, 4.936]},
								"south": {"uv": [34.032, 48.032], "uv_size": [9.936, 4.936]},
								"west": {"uv": [22.032, 48.032], "uv_size": [11.936, 4.936]},
								"up": {"uv": [12.032, 36.032], "uv_size": [9.936, 11.936]},
								"down": {"uv": [22.032, 47.968], "uv_size": [9.936, -11.936]}
							}
						},
						{
							"origin": [-6.4, 5.6, -6.4],
							"size": [12.8, 1.6, 12.8],
							"uv": {
								"north": {"uv": [16.032, 16.032], "uv_size": [15.936, 1.936]},
								"east": {"uv": [0.032, 16.032], "uv_size": [15.936, 1.936]},
								"south": {"uv": [48.032, 16.032], "uv_size": [15.936, 1.936]},
								"west": {"uv": [32.032, 16.032], "uv_size": [15.936, 1.936]},
								"up": {"uv": [16.032, 0.032], "uv_size": [15.936, 15.936]},
								"down": {"uv": [32.032, 15.968], "uv_size": [15.936, -15.936]}
							}
						},
						{
							"origin": [-7.2, 1.6, -5.6],
							"size": [4, 4, 11.2],
							"uv": {
								"north": {"uv": [58.032, 50.032], "uv_size": [4.936, 4.936]},
								"east": {"uv": [44.032, 50.032], "uv_size": [13.936, 4.936]},
								"south": {"uv": [77.032, 50.032], "uv_size": [4.936, 4.936]},
								"west": {"uv": [63.032, 50.032], "uv_size": [13.936, 4.936]},
								"up": {"uv": [58.032, 36.032], "uv_size": [4.936, 13.936]},
								"down": {"uv": [63.032, 49.968], "uv_size": [4.936, -13.936]}
							}
						},
						{
							"origin": [3.2, 1.6, -5.6],
							"size": [4, 4, 11.2],
							"uv": {
								"north": {"uv": [14.032, 67.032], "uv_size": [4.936, 4.936]},
								"east": {"uv": [0.032, 67.032], "uv_size": [13.936, 4.936]},
								"south": {"uv": [33.032, 67.032], "uv_size": [4.936, 4.936]},
								"west": {"uv": [19.032, 67.032], "uv_size": [13.936, 4.936]},
								"up": {"uv": [14.032, 53.032], "uv_size": [4.936, 13.936]},
								"down": {"uv": [19.032, 66.968], "uv_size": [4.936, -13.936]}
							}
						},
						{
							"origin": [-4, 0, -4],
							"size": [8, 1.6, 8],
							"uv": {
								"north": {"uv": [48.032, 65.032], "uv_size": [9.936, 1.936]},
								"east": {"uv": [38.032, 65.032], "uv_size": [9.936, 1.936]},
								"south": {"uv": [68.032, 65.032], "uv_size": [9.936, 1.936]},
								"west": {"uv": [58.032, 65.032], "uv_size": [9.936, 1.936]},
								"up": {"uv": [48.032, 55.032], "uv_size": [9.936, 9.936]},
								"down": {"uv": [58.032, 64.968], "uv_size": [9.936, -9.936]}
							}
						},
						{
							"origin": [-6.34, 5.66, -6.34],
							"size": [12.68, 1.48, 12.68],
							"inflate": 0.3,
							"uv": {
								"north": {"uv": [16.032, 34.032], "uv_size": [15.936, 1.936]},
								"east": {"uv": [0.032, 34.032], "uv_size": [15.936, 1.936]},
								"south": {"uv": [48.032, 34.032], "uv_size": [15.936, 1.936]},
								"west": {"uv": [32.032, 34.032], "uv_size": [15.936, 1.936]},
								"up": {"uv": [16.032, 18.032], "uv_size": [15.936, 15.936]},
								"down": {"uv": [32.032, 33.968], "uv_size": [15.936, -15.936]}
							}
						},
						{
							"origin": [-8, 18.46438, -1.2],
							"size": [16, 2.4, 2.4],
							"uv": {
								"north": {"uv": [67.032, 3.032], "uv_size": [19.936, 2.936]},
								"east": {"uv": [64.032, 3.032], "uv_size": [2.936, 2.936]},
								"south": {"uv": [90.032, 3.032], "uv_size": [19.936, 2.936]},
								"west": {"uv": [87.032, 3.032], "uv_size": [2.936, 2.936]},
								"up": {"uv": [67.032, 0.032], "uv_size": [19.936, 2.936]},
								"down": {"uv": [87.032, 2.968], "uv_size": [19.936, -2.936]}
							}
						},
						{
							"origin": [-1.2, 10.76094, 0.77251],
							"size": [2.4, 8, 2.4],
							"pivot": [0, 6.67441, 1.43916],
							"rotation": [9.5, 0, 0],
							"uv": {
								"north": {"uv": [29.032, 75.032], "uv_size": [2.936, 9.936]},
								"east": {"uv": [26.032, 75.032], "uv_size": [2.936, 9.936]},
								"south": {"uv": [35.032, 75.032], "uv_size": [2.936, 9.936]},
								"west": {"uv": [32.032, 75.032], "uv_size": [2.936, 9.936]},
								"up": {"uv": [29.032, 72.032], "uv_size": [2.936, 2.936]},
								"down": {"uv": [32.032, 74.968], "uv_size": [2.936, -2.936]}
							}
						},
						{
							"origin": [-4.4, 15.96094, 1.17251],
							"size": [8.8, 1.6, 1.6],
							"pivot": [0, 6.67441, 1.43916],
							"rotation": [9.5, 0, 0],
							"uv": {
								"north": {"uv": [2.032, 74.032], "uv_size": [10.936, 1.936]},
								"east": {"uv": [0.032, 74.032], "uv_size": [1.936, 1.936]},
								"south": {"uv": [15.032, 74.032], "uv_size": [10.936, 1.936]},
								"west": {"uv": [13.032, 74.032], "uv_size": [1.936, 1.936]},
								"up": {"uv": [2.032, 72.032], "uv_size": [10.936, 1.936]},
								"down": {"uv": [13.032, 73.968], "uv_size": [10.936, -1.936]}
							}
						},
						{
							"origin": [-4.4, 13.96094, 1.17251],
							"size": [8.8, 1.6, 1.6],
							"pivot": [0, 6.67441, 1.43916],
							"rotation": [9.5, 0, 0],
							"uv": {
								"north": {"uv": [2.032, 78.032], "uv_size": [10.936, 1.936]},
								"east": {"uv": [0.032, 78.032], "uv_size": [1.936, 1.936]},
								"south": {"uv": [15.032, 78.032], "uv_size": [10.936, 1.936]},
								"west": {"uv": [13.032, 78.032], "uv_size": [1.936, 1.936]},
								"up": {"uv": [2.032, 76.032], "uv_size": [10.936, 1.936]},
								"down": {"uv": [13.032, 77.968], "uv_size": [10.936, -1.936]}
							}
						},
						{
							"origin": [-4.4, 11.96094, 1.17251],
							"size": [8.8, 1.6, 1.6],
							"pivot": [0, 6.67441, 1.43916],
							"rotation": [9.5, 0, 0],
							"uv": {
								"north": {"uv": [80.032, 57.032], "uv_size": [10.936, 1.936]},
								"east": {"uv": [78.032, 57.032], "uv_size": [1.936, 1.936]},
								"south": {"uv": [93.032, 57.032], "uv_size": [10.936, 1.936]},
								"west": {"uv": [91.032, 57.032], "uv_size": [1.936, 1.936]},
								"up": {"uv": [80.032, 55.032], "uv_size": [10.936, 1.936]},
								"down": {"uv": [91.032, 56.968], "uv_size": [10.936, -1.936]}
							}
						},
						{
							"origin": [-1.2, 7.7723, 2.08577],
							"size": [2.4, 4, 2.4],
							"pivot": [0, 7.49147, 3.29359],
							"rotation": [30, 0, 0],
							"uv": {
								"north": {"uv": [81.032, 62.032], "uv_size": [2.936, 4.936]},
								"east": {"uv": [78.032, 62.032], "uv_size": [2.936, 4.936]},
								"south": {"uv": [87.032, 62.032], "uv_size": [2.936, 4.936]},
								"west": {"uv": [84.032, 62.032], "uv_size": [2.936, 4.936]},
								"up": {"uv": [81.032, 59.032], "uv_size": [2.936, 2.936]},
								"down": {"uv": [84.032, 61.968], "uv_size": [2.936, -2.936]}
							}
						},
						{
							"origin": [-3.2, 20.78438, -4],
							"size": [6.4, 6.4, 6.4],
							"uv": {
								"north": {"uv": [72.032, 14.032], "uv_size": [7.936, 7.936]},
								"east": {"uv": [64.032, 14.032], "uv_size": [7.936, 7.936]},
								"south": {"uv": [88.032, 14.032],