{
	"format_version": "1.8.0",
	"animations": {
		"animation.meteor.explode": {
			"loop": true,
			"animation_length": 1.75,
			"bones": {
				"root": {
					"rotation": {
						"0.0833": [0, 0, 0],
						"0.125": [0, 3, 0],
						"0.1667": [0, -4, 0],
						"0.25": [0, 0, 0]
					},
					"position": {
						"0.0": [0, 0, 0],
						"0.0833": [0, -59.53839, 59.53839],
						"0.125": [-2.3, -59.53839, 59.53839],
						"0.1667": [4.2, -59.53839, 59.53839],
						"0.2083": [0, -59.53839, 59.53839]
					}
				},
				"meteor": {
					"rotation": {
						"0.0": [0, 0, -360],
						"0.125": [0, 0, -407.5],
						"0.25": [0, 0, -413.5]
					},
					"position": {
						"0.0": [-0.7, 1, 0],
						"0.0417": [0, 0, 0],
						"0.0833": [0, 0, 2.6],
						"0.125": [1, -1.9, 0],
						"0.1667": [-0.7, 1, 0],
						"0.2083": [-0.7, 1, 0],
						"0.25": [0, 0, 0],
						"0.2917": [-0.7, 1, 0],
						"0.3333": [0, 0, 0],
						"0.375": [0, 0, 2.6],
						"0.4167": [1, -1.9, 0],
						"0.4583": [-0.7, 1, 0],
						"0.5": [-0.7, 1, 0],
						"0.5417": [0, 0, 0]
					}
				},
				"light": {
					"rotation": [0, 0, -720],
					"position": [0, 0, 0],
					"scale": {
						"0.0": {
							"post": [1, 1, 1],
							"lerp_mode": "catmullrom"
						},
						"0.0417": {
							"post": [3.05, 2.75, 5.5],
							"lerp_mode": "catmullrom"
						},
						"0.0833": {
							"post": [2.0333, 1.8333, 5.1],
							"lerp_mode": "catmullrom"
						},
						"0.125": {
							"post": [3.5625, 3.4875, 1.1625],
							"lerp_mode": "catmullrom"
						},
						"0.1667": {
							"post": [0, 0, 1],
							"lerp_mode": "catmullrom"
						}
					}
				},
				"bone2": {
					"rotation": {
						"0.0": [0, 0, 0],
						"0.0833": [0, 0, 0],
						"0.125": {
							"pre": [-68, 30, 0],
							"post": [-68, 30, 0],
							"lerp_mode": "catmullrom"
						},
						"0.2083": {
							"post": [-171.98, -1.96, 0],
							"lerp_mode": "catmullrom"
						},
						"0.375": {
							"post": [-180.6, -189.95, 0],
							"lerp_mode": "catmullrom"
						},
						"0.4583": {
							"post": [-180.5, -163.5, 0],
							"lerp_mode": "catmullrom"
						},
						"0.5417": {
							"post": [-190.5, -149.5, 0],
							"lerp_mode": "catmullrom"
						},
						"0.5833": {
							"post": [-180.5, -163.5, 0],
							"lerp_mode": "catmullrom"
						},
						"0.6667": {
							"post": [-190.5, -149.5, 0],
							"lerp_mode": "catmullrom"
						},
						"0.7917": {
							"post": [-180.5, -163.5, 0],
							"lerp_mode": "catmullrom"
						},
						"0.9167": {
							"post": [-180.5, -163.5, -11],
							"lerp_mode": "catmullrom"
						}
					},
					"position": {
						"0.0": [0, 0, 0],
						"0.0833": [-5.7167, -9.26819, 2.82843],
						"0.125": {
							"pre": [49.9364, 48.02982, -24.07264],
							"post": [49.9364, 48.02982, -24.07264],
							"lerp_mode": "catmullrom"
						},
						"0.2083": {
							"post": [101.56827, 68.67929, 2.94964],
							"lerp_mode": "catmullrom"
						},
						"0.2917": {
							"post": [96.01745, 78.71937, 83.40728],
							"lerp_mode": "catmullrom"
						},
						"0.4167": [99.43048, 81.24362, 144.22118],
						"0.5417": [108.80424, 88.18201, 155.88655],
						"0.625": [116.84, 94.13, 165.89],
						"0.7917": [123.17476, 98.81819, 173.76868],
						"0.9583": [130.6927, 104.37318, 183.11087]
					},
					"scale": {
						"1.1667": [1, 1, 1],
						"1.5417": {
							"pre": [1, 1, 1],
							"post": [0, 0, 0]
						}
					}
				},
				"bone": {
					"rotation": {
						"0.0": [0, 0, 0],
						"0.0417": [0, 0, 0],
						"0.0833": {
							"pre": [0, 0, 0],
							"post": [0, 0, 0],
							"lerp_mode": "catmullrom"
						},
						"0.125": {
							"post": [-55, 0, 0],
							"lerp_mode": "catmullrom"
						},
						"0.4167": {
							"post": [-300, 0, -50],
							"lerp_mode": "catmullrom"
						},
						"0.5833": {
							"post": [-303.26, 16.02, -56.17],
							"lerp_mode": "catmullrom"
						},
						"0.7083": {
							"post": [-322.98, 34.76, -56.22],
							"lerp_mode": "catmullrom"
						},
						"0.8333": [-331.47, 45.11, -56.24],
						"0.9167": [-331.47, 34.11, -56.24]
					},
					"position": {
						"0.0": [0, 0, 0],
						"0.0417": [0, 0, 0],
						"0.0833": {
							"pre": [14.21365, -8.76711, 0],
							"post": [14.21365, -8.76711, 0],
							"lerp_mode": "catmullrom"
						},
						"0.125": {
							"post": [10.36001, 39.08572, -14.0966],
							"lerp_mode": "catmullrom"
						},
						"0.1667": {
							"post": [31.18592, 96.63529, -41.01219],
							"lerp_mode": "catmullrom"
						},
						"0.4167": [-40.68294, 119.28696, 55.84924],
						"0.4583": {
							"pre": [-38.68968, 121.93228, 57.5702],
							"post": [-38.68968, 121.93228, 57.5702],
							"lerp_mode": "catmullrom"
						},
						"0.5417": {
							"post": [-35.21, 130.33, 63.91],
							"lerp_mode": "catmullrom"
						},
						"0.5833": {
							"post": [-34.57873, 134.24845, 65.30025],
							"lerp_mode": "catmullrom"
						},
						"0.625": {
							"post": [-30.38, 143.76, 72.87],
							"lerp_mode": "catmullrom"
						},
						"0.6667": [-27.22647, 147.77585, 76.33878],
						"0.875": [-17.79993, 172.29644, 95.5894]
					},
					"scale": {
						"0.8333": [1, 1, 1],
						"1.0417": {
							"pre": [1, 1, 1],
							"post": [0, 0, 0]
						}
					}
				},
				"bone3": {
					"rotation": {
						"0.0": [0, 0, 0],
						"0.0417": {
							"pre": [0, 0, 0],
							"post": [0, 0, 0],
							"lerp_mode": "catmullrom"
						},
						"0.0833": {
							"post": [-292.5, 0, 0],
							"lerp_mode": "catmullrom"
						},
						"0.2917": {
							"post": [-582.13, 95, 0],
							"lerp_mode": "catmullrom"
						},
						"0.4583": {
							"post": [-610, 0, 0],
							"lerp_mode": "catmullrom"
						},
						"0.5": [-535.5, -34, 37],
						"0.5417": [-577, -34, 37],
						"0.5833": [-594, -34, 37],
						"0.625": [-577, -34, 37]
					},
					"position": {
						"0.0": [0, 0, 0],
						"0.0417": [0, 0, 0],
						"0.0833": {
							"pre": [14.20362, -5.35465, -18.31407],
							"post": [14.20362, -5.35465, -18.31407],
							"lerp_mode": "catmullrom"
						},
						"0.2083": {
							"post": [87.24437, 111.4435, 16.86453],
							"lerp_mode": "catmullrom"
						},
						"0.4583": [99.06984, 174.00097, 164.611],
						"0.5833": [107.65303, 180.35111, 175.28731]
					},
					"scale": {
						"0.6667": [1, 1, 1],
						"0.875": {
							"pre": [1, 1, 1],
							"post": [0, 0, 0]
						}
					}
				},
				"bone4": {
					"rotation": {
						"0.0": [0, 0, 0],
						"0.0833": {
							"pre": [0, 0, 0],
							"post": [0, 0, 0],
							"lerp_mode": "catmullrom"
						},
						"0.125": {
							"post": [0, 27, 0],
							"lerp_mode": "catmullrom"
						},
						"0.2083": {
							"post": [1.88, -123.93, 0],
							"lerp_mode": "catmullrom"
						},
						"0.2917": {
							"post": [0, -151, 0],
							"lerp_mode": "catmullrom"
						},
						"0.375": {
							"post": [-37, -328.5, 0],
							"lerp_mode": "catmullrom"
						},
						"0.5": {
							"post": [-37, -350.5, 0],
							"lerp_mode": "catmullrom"
						},
						"0.5417": {
							"post": [-37.54, -356.32, 4.67],
							"lerp_mode": "catmullrom"
						},
						"0.625": {
							"post": [-38.63, -361.28, 14],
							"lerp_mode": "catmullrom"
						},
						"0.7083": [-23.87, -367.62, -0.59],
						"0.7917": [-40.64, -358.33, -0.72],
						"0.8333": [-37, -334.5, 0]
					},
					"position": {
						"0.0": [0, 0, 0],
						"0.0833": [-12.76675, 7.87465, 0],
						"0.125": {
							"pre": [13.45546, -13.02366, 20.55812],
							"post": [13.45546, -13.02366, 20.55812],
							"lerp_mode": "catmullrom"
						},
						"0.1667": {
							"post": [76.87244, 17.07279, -24.89428],
							"lerp_mode": "catmullrom"
						},
						"0.2917": {
							"post": [142.08238, -4.8819, 10.0868],
							"lerp_mode": "catmullrom"
						},
						"0.4167": [179.2439, -63.9189, 106.06602],
						"0.4583": [180.88376, -70.42161, 116.67609],
						"0.5833": [203.4684, -76.85025, 126.52939],